{
  "name": "vis",
  "version": "4.2.0",
  "main": [
    "dist/vis.min.js",
    "dist/vis.min.css"
  ],
  "description": "A dynamic, browser-based visualization library.",
  "homepage": "http://visjs.org/",
  "license": [
    "Apache-2.0",
    "MIT"
  ],
  "repository": {
    "type": "git",
    "url": "git://github.com/almende/vis.git"
  },
  "ignore": [
    "misc",
    "node_modules",
    "test",
    "tools",
    "lib",
    ".idea",
    ".npmignore",
    ".gitignore"
  ],
  "dependencies": {},
  "devDependencies": {},
  "_release": "4.2.0",
  "_resolution": {
    "type": "version",
    "tag": "v4.2.0",
    "commit": "0242a35b32418b53b510e0d1bbdfa117ce7a27e5"
  },
  "_source": "https://github.com/almende/vis.git",
  "_target": "~4.2.0",
  "_originalSource": "vis"
}