<configuration debug="true">

    <appender name="STDOUT" class="ch.qos.logback.core.ConsoleAppender">
        <!-- encoders are  by default assigned the type
             ch.qos.logback.classic.encoder.PatternLayoutEncoder -->
        <encoder>
            <pattern>%d{HH:mm:ss.SSS} [%thread] %-5level %logger{36} - %msg%n</pattern>
        </encoder>
    </appender>
    <appender name="file" class="ch.qos.logback.core.rolling.RollingFileAppender">
        <file>/tmp/cartopuma.log</file>
        <rollingPolicy class="ch.qos.logback.core.rolling.TimeBasedRollingPolicy">
            <!-- rotate every day for log collection and archiving -->
            <fileNamePattern>cartopuma.%d{yyyyMMdd}.log</fileNamePattern>
        </rollingPolicy>
        <encoder>
            <!-- only log 2 lines of stack trace per cause of an exception -->
            <pattern>%d{yyyy/MM/dd HH:mm:ss,SSS} [%thread] %-5level %logger{36} - %m %throwable{2}%n</pattern>
        </encoder>
    </appender>

    <root level="debug">
        <appender-ref ref="STDOUT" />
        <appender-ref ref="file" />
    </root>
</configuration>

<!--<configuration>-->

    <!--<property name="LOGS_FOLDER" value="/tmp" />-->

    <!--<root level="debug">-->
        <!--<appender-ref ref="file" />-->
    <!--</root>-->
<!--</configuration>-->