<?xml version="1.0" encoding="UTF-8"?>
<beans xmlns="http://www.springframework.org/schema/beans"
       xmlns:xsi="http://www.w3.org/2001/XMLSchema-instance"
       xmlns:s="http://www.springframework.org/schema/security"
       xsi:schemaLocation="
            http://www.springframework.org/schema/security
            http://www.springframework.org/schema/security/spring-security-4.0.xsd
            http://www.springframework.org/schema/beans
            http://www.springframework.org/schema/beans/spring-beans-4.0.xsd">

    <s:http>
        <s:intercept-url pattern="/**" access="authenticated" />

        <s:http-basic />
        <s:anonymous />
        <s:logout />
    </s:http>

    <s:authentication-manager erase-credentials="false">
        <s:authentication-provider ref="authenticationProvider" />
    </s:authentication-manager>

    <bean id="authenticationProvider" class="org.springframework.security.ldap.authentication.ad.ActiveDirectoryLdapAuthenticationProvider">
        <constructor-arg value="maafprod.e-corail.com" />
        <constructor-arg value="ldap://maafprod.e-corail.com/" />
    </bean>
</beans>